product_id,product_name,price
10,Veal - Ground,337.45
3,Snapple Lemon Tea,221.69
7,Carbonated Water - Strawberry,82.2
4,Sprouts Dikon,338.42
1,"Chocolate - Pistoles, White",946.19
6,Sauce - Marinara,2.67
7,Cheese - Colby,591.95
10,"Soup - Knorr, Country Bean",625.9
5,Steel Wool,101.63
8,Cheese - Grana Padano,143.11
6,Yukon Jack,493.62
9,Pastry - Raisin Muffin - Mini,182.08
7,Gelatine Leaves - Bulk,277.62
5,Carbonated Water - Peach,671.28
9,Cut Wakame - Hanawakaba,741.14
2,Crackers - Trio,90.48
6,Wine - Ice Wine,896.71
1,Dill Weed - Dry,54.81
3,Bread Base - Gold Formel,943.89
1,Lemon Tarts,25.93
7,Wine - Shiraz South Eastern,882.44
5,"Chicken - Leg, Boneless",307.91
6,"Beans - Black Bean, Preserved",378.99
8,Ham Black Forest,440.23
1,Wine - Barossa Valley Estate,931.25
4,Amaretto,661.0
8,Corn - Mini,374.26
4,Pie Box - Cello Window 2.5,426.39
6,Fib N9 - Prague Powder,882.32
7,Soup V8 Roasted Red Pepper,835.99
5,Wine - Acient Coast Caberne,366.94
3,Wild Boar - Tenderloin,811.07
8,Cheese - Provolone,834.24
10,"Potatoes - Yukon Gold, 80 Ct",634.0
2,Squash - Sunburst,882.51
5,"Shrimp - 16/20, Peeled Deviened",427.82
2,Squeeze Bottle,894.01
8,Tuna - Salad Premix,380.84
2,Lettuce - Curly Endive,622.51
1,Coffee - French Vanilla Frothy,432.68
10,Cheese - Brie,732.6
9,Pastry - Apple Large,429.42
7,Pork - Side Ribs,624.13
5,Zucchini - Green,827.32
10,Milk - 2%,372.57
5,"Chilli Paste, Ginger Garlic",425.96
2,Wine - Masi Valpolocell,378.35
1,Tamarillo,461.43
1,Chocolate - Liqueur Cups With Foil,420.08
5,Cheese - Mascarpone,646.95
9,Pineapple - Golden,506.97
4,Lid Tray - 12in Dome,271.7
1,"Flour - Buckwheat, Dark",839.87
3,Cheese - Valancey,188.88
9,Aspic - Light,135.41
5,Dooleys Toffee,409.62
4,Pork Loin Cutlets,260.72
8,Bread Base - Toscano,934.57
6,Onions - Green,534.4
1,Cheese - Goat With Herbs,364.34
9,Dawn Professionl Pot And Pan,771.63
1,"Crab - Claws, Snow 16 - 24",662.53
6,Longos - Grilled Chicken With,812.46
2,"Chilli Paste, Sambal Oelek",475.24
3,Chutney Sauce,968.95
7,"Cherries - Bing, Canned",693.37
4,Banana,108.02
1,Quail - Jumbo,16.15
7,"Cherries - Maraschino,jar",304.3
10,"Pineapple - Canned, Rings",463.96
1,Wine - Winzer Krems Gruner,441.04
7,Island Oasis - Peach Daiquiri,605.72
9,Cookies - Englishbay Wht,884.41
4,Venison - Racks Frenched,855.94
3,"Oranges - Navel, 72",490.89
6,Paper Cocktail Umberlla 80 - 180,97.46
3,Foam Dinner Plate,650.74
6,Lamb - Loin Chops,174.74
9,Oil - Macadamia,21.1
8,Bread - Focaccia Quarter,898.49
7,Whmis - Spray Bottle Trigger,26.15
7,Wine - Chateau Bonnet,642.51
6,Shrimp - Black Tiger 26/30,288.32
8,"Lemonade - Kiwi, 591 Ml",276.5
6,Dried Figs,682.55
7,Grapefruit - Pink,596.76
6,Tamarillo,991.18
4,Coffee - Frthy Coffee Crisp,691.26
4,Flour - Strong,133.28
2,Veal - Loin,685.19
5,Wine - Vovray Sec Domaine Huet,113.55
5,Mix Pina Colada,246.2
3,Cheese - Perron Cheddar,958.74
6,Mushroom Morel Fresh,965.04
3,Milk - 2%,53.33
4,Pickles - Gherkins,549.97
9,Filling - Mince Meat,837.91
9,Strawberries,120.08
2,"Tart Shells - Savory, 3",588.19
4,"Star Anise, Whole",472.21
8,Easy Off Oven Cleaner,48.16
5,Ham - Procutinni,133.39
9,Fond - Chocolate,406.62
2,Arizona - Plum Green Tea,575.7
9,Absolut Citron,659.33
10,Wine - Manischewitz Concord,735.46
10,"Potatoes - Yukon Gold, 80 Ct",454.8
7,Wasabi Paste,818.98
5,Cake - Dulce De Leche,542.17
6,"Lamb - Loin, Trimmed, Boneless",459.9
7,Clam Nectar,706.18
6,Vaccum Bag 10x13,428.37
1,Muffin - Mix - Bran And Maple 15l,290.8
3,"Lentils - Green, Dry",547.1
5,Ham Black Forest,221.15
3,Onions Granulated,312.4
4,Chives - Fresh,272.31
9,Cookie - Oreo 100x2,967.78
7,"Water, Tap",511.58
6,Wine - Fontanafredda Barolo,878.5
1,Kahlua,769.41
3,Salt - Seasoned,42.12
1,Beef - Bresaola,695.16
4,Flour - Teff,120.21
3,Garam Masala Powder,473.3
9,Tea Peppermint,61.43
3,Croissants Thaw And Serve,655.67
8,Steam Pan Full Lid,173.92
6,Ezy Change Mophandle,440.34
7,Cleaner - Lime Away,216.16
5,Kellogs Special K Cereal,41.95
10,"Wine - Red, Cooking",923.0
6,Island Oasis - Strawberry,853.4
9,"Soup - Campbells, Classic Chix",687.56
2,"Chicken - Leg, Fresh",162.62
5,Five Alive Citrus,172.63
1,"Nut - Almond, Blanched, Whole",570.67
8,Shrimp - Black Tiger 16/20,939.92
8,Shrimp - Black Tiger 13/15,68.7
10,Carroway Seed,640.5
1,Mayonnaise,267.98
8,Soup Campbells Turkey Veg.,270.46
7,Cookie Chocolate Chip With,576.31
4,"Wine - White, Antinore Orvieto",85.35
7,Vodka - Smirnoff,226.49
3,Oil - Pumpkinseed,310.66
1,Soup - Campbells Asian Noodle,437.34
9,Pie Filling - Cherry,768.22
5,"Syrup - Monin, Irish Cream",203.66
1,"Napkin - Cocktail,beige 2 - Ply",418.79
7,"Cup - 3.5oz, Foam",635.58
2,Table Cloth 72x144 White,927.91
10,"Lamb - Shoulder, Boneless",629.78
6,Beef - Short Loin,242.9
10,Pepper - Cayenne,506.4
3,Pork - Backs - Boneless,453.41
2,Sauce - Hollandaise,742.1
4,Hersey Shakes,463.85
1,"Chicken - Leg, Fresh",350.74
1,Urban Zen Drinks,40.03
10,Gelatine Leaves - Bulk,19.16
8,Shrimp - 150 - 250,224.63
7,Tobasco Sauce,600.49
10,Bread - Rye,49.31
1,"Mushroom - Shitake, Fresh",886.02
6,Tea - Honey Green Tea,785.52
1,Pork - Bacon Cooked Slcd,847.43
9,Ham - Cooked Bayonne Tinned,14.25
9,Nut - Pumpkin Seeds,853.54
8,Coffee - Egg Nog Capuccino,416.11
10,"Lamb - Pieces, Diced",167.46
5,Chivas Regal - 12 Year Old,268.54
5,"Star Anise, Whole",924.02
8,"Nut - Walnut, Chopped",164.51
4,"Beef - Tongue, Cooked",166.35
2,"Beef - Bones, Cut - Up",471.32
3,Soup Knorr Chili With Beans,13.02
1,Skewers - Bamboo,519.63
2,"Pasta - Orzo, Dry",648.88
9,Wine - Barolo Fontanafredda,49.21
2,Plasticknivesblack,50.52
5,Myers Planters Punch,456.18
5,"Mushroom - Shitake, Fresh",791.52
10,Cheese - Cream Cheese,570.52
6,"Pepper - Black, Ground",517.86
8,"Rum - Coconut, Malibu",94.17
6,"Pork - Chop, Frenched",962.7
3,Lettuce - Belgian Endive,159.81
5,Dried Cranberries,529.21
4,Capers - Pickled,711.73
4,Coffee - Espresso,608.32
8,Cookie Choc,422.42
5,Onions - Cippolini,126.4
5,Asparagus - Mexican,948.61
5,Nantucket Apple Juice,40.29
10,Lobster - Live,914.71
6,Wine - Two Oceans Cabernet,214.22
1,Wine - Piper Heidsieck Brut,292.07
5,Ice Cream - Super Sandwich,961.06
6,Smoked Tongue,246.05
6,Kale - Red,161.51
3,Vodka - Smirnoff,969.36
2,Hersey Shakes,190.65
4,Garbage Bag - Clear,855.86
8,Muffin - Carrot Individual Wrap,685.04
8,Prunes - Pitted,479.34
10,Water - Evian 355 Ml,437.39
9,"Soup - French Onion, Dry",451.49
10,Veal - Striploin,16.85
7,Container - Clear 32 Oz,572.6
4,Wine - Alicanca Vinho Verde,18.69
8,Cream - 18%,843.82
3,Chicken - White Meat With Tender,175.35
10,Wine - Peller Estates Late,316.78
3,Bag - Regular Kraft 20 Lb,498.02
2,Muffin Mix - Chocolate Chip,416.17
10,Muffin Mix - Lemon Cranberry,50.88
4,Pear - Packum,223.93
5,Apples - Spartan,985.88
5,Cheese Cloth,67.45
2,Pie Shell - 5,962.35
2,Wine - Ice Wine,168.88
6,Miso Paste White,276.83
2,Ocean Spray - Kiwi Strawberry,636.71
7,Wine - Cotes Du Rhone Parallele,502.7
6,Longos - Greek Salad,100.48
9,Wine - Magnotta - Pinot Gris Sr,353.45
9,Almonds Ground Blanched,596.15
4,"Soup - Campbells, Spinach Crm",49.12
10,"Fish - Scallops, Cold Smoked",232.73
4,Nutmeg - Ground,961.04
6,Napkin - Beverage 1 Ply,958.37
2,"Beans - Black Bean, Canned",772.26
7,Sansho Powder,873.21
9,Mortadella,755.73
2,Halibut - Steaks,513.6
2,Veal - Kidney,696.75
3,Prunes - Pitted,787.1
9,Honey - Liquid,877.85
10,Canadian Emmenthal,627.65
10,Tuna - Bluefin,128.46
1,Wine - Chateau Bonnet,458.4
5,Bread - Hot Dog Buns,619.63
10,Bag Stand,446.11
7,"Pork - Tenderloin, Frozen",65.89
1,Wine - Fino Tio Pepe Gonzalez,714.56
9,Pants Custom Dry Clean,125.73
9,Compound - Rum,207.7
5,Nantucket Pine Orangebanana,730.81
8,Pastry - Cherry Danish - Mini,174.41
1,Cheese - Sheep Milk,995.24
9,Carbonated Water - Raspberry,470.62
8,"Sauce - White, Mix",729.8
9,Beef - Short Loin,358.26
6,Pepper - Pablano,989.43
9,Sword Pick Asst,295.15
4,Cornflakes,439.3
1,Piping Jelly - All Colours,704.66
7,Steel Wool S.o.s,346.92
7,Silicone Parch. 16.3x24.3,878.44
7,Sage - Fresh,680.92
6,"Star Anise, Whole",53.69
9,Wine - Alsace Riesling Reserve,131.08
3,Wine - Pinot Noir Latour,875.03
10,Duck - Legs,927.75
5,Marjoram - Fresh,993.33
7,"Salmon - Atlantic, Skin On",847.12
7,Energy Drink,565.4
6,Lemon Tarts,378.43
3,"Pasta - Detalini, White, Fresh",633.79
5,Scallops - Live In Shell,122.58
8,Beets - Mini Golden,839.96
6,Pastry - French Mini Assorted,491.46
4,Ginger - Ground,177.27
1,Chips Potato Reg 43g,604.84
8,Tamarillo,14.5
4,"Sugar - Sweet N Low, Individual",924.84
9,Lettuce Romaine Chopped,640.88
4,Rolled Oats,702.16
5,Grapefruit - Pink,883.9
5,"Sauce - Apple, Unsweetened",101.86
3,Fudge - Cream Fudge,438.71
3,Tea - Decaf 1 Cup,328.19
1,"Tart Shells - Sweet, 4",771.22
2,Danishes - Mini Raspberry,646.23
9,Cape Capensis - Fillet,843.53
3,Creme De Menthe Green,223.46
3,Orange - Tangerine,214.2
8,"Shrimp - 16/20, Iqf, Shell On",818.58
1,Shrimp - Prawn,224.83
1,Bread - Mini Hamburger Bun,941.52
10,Cookie - Oreo 100x2,891.25
7,Coriander - Seed,944.34
4,Milk - Condensed,748.82
1,Water - Evian 355 Ml,14.2
10,Gooseberry,573.11
6,Bagel - Sesame Seed Presliced,164.97
10,Sobe - Green Tea,381.5
10,Mace Ground,143.14
3,Tequila - Sauza Silver,682.7
10,Garbage Bags - Black,196.75
9,Dc Hikiage Hira Huba,133.4
5,"Wine - Red, Mouton Cadet",171.82
6,Coffee - Cafe Moreno,12.52
7,Coffee Cup 16oz Foam,807.18
9,Flower - Commercial Spider,54.12
8,Caviar - Salmon,285.49
7,Wine - Prem Select Charddonany,55.49
10,Soup - Campbells Asian Noodle,680.37
2,Oil - Peanut,818.6
3,Island Oasis - Banana Daiquiri,737.98
4,Celery Root,459.58
9,"Cheese - Boursin, Garlic / Herbs",527.8
5,Thyme - Dried,369.14
9,"Bread - Pita, Mini",948.68
2,Sobe - Cranberry Grapefruit,949.5
3,Island Oasis - Mango Daiquiri,656.65
5,Sugar - Fine,192.11
1,Wine - Periguita Fonseca,665.89
3,Gelatine Leaves - Bulk,582.84
1,Irish Cream - Butterscotch,558.74
6,Parsnip,977.19
1,Napkin White,531.11
8,Wine - Maipo Valle Cabernet,769.83
4,Tea - Orange Pekoe,648.46
2,Flax Seed,480.5
2,Wine - Vineland Estate Semi - Dry,64.74
3,Mikes Hard Lemonade,539.8
2,Appetizer - Sausage Rolls,128.29
6,"Turkey - Breast, Smoked",932.13
8,Teriyaki Sauce,825.41
1,Beef - Flank Steak,392.53
6,Goulash Seasoning,281.49
1,Green Tea Refresher,85.99
7,Rice - Basmati,401.87
4,Yogurt - French Vanilla,511.05
6,"Tomatoes - Plum, Canned",796.96
7,Dooleys Toffee,806.76
7,Flower - Carnations,424.5
8,Soup - French Can Pea,689.81
8,"Yogurt - Strawberry, 175 Gr",264.47
6,Clams - Canned,623.18
7,"Wine - White, Chardonnay",911.57
7,Bagelers,42.59
8,Pop Shoppe Cream Soda,717.95
10,"Beef - Tongue, Fresh",213.37
4,Kellogs Raisan Bran Bars,284.12
9,Fireball Whisky,86.06
7,Gelatine Leaves - Bulk,150.84
4,Beer - Upper Canada Light,395.97
10,Flour - Strong,98.89
1,Pepper - Red Bell,460.04
8,Halibut - Steaks,371.74
10,Jolt Cola - Electric Blue,25.64
9,Ecolab Silver Fusion,251.98
4,"Wine - Saint - Bris 2002, Sauv",852.09
10,Pate - Cognac,941.59
2,Cookie Dough - Chunky,948.48
8,Grapefruit - White,11.85
10,"Cheese - Cheddar, Medium",294.39
7,Tuna - Bluefin,4.23
4,Oregano - Fresh,156.31
9,Soup - Campbellschix Stew,834.27
7,Jam - Apricot,501.57
5,Magnotta - Bel Paese White,803.41
8,Duck - Breast,585.86
7,Artichoke - Fresh,706.71
1,Dome Lid Clear P92008h,657.81
3,Yeast Dry - Fleischman,394.09
7,Wine - Toasted Head,390.23
10,Peas Snow,650.04
5,Veal - Osso Bucco,734.16
4,Ice Cream Bar - Hageen Daz To,504.21
5,Wine - Malbec Trapiche Reserve,347.81
3,"Salmon - Smoked, Sliced",799.23
1,Scallops 60/80 Iqf,954.96
2,Madeira,379.78
3,"Rum - Cream, Amarula",600.55
7,Tart - Butter Plain Squares,161.55
1,Barley - Pearl,976.62
2,Myers Planters Punch,504.44
3,Squid - Tubes / Tenticles 10/20,269.05
8,Cheese - Mascarpone,447.55
6,"Pasta - Fettuccine, Egg, Fresh",538.49
1,Muffin - Blueberry Individual,3.28
9,Buttons,740.47
2,Spinach - Packaged,787.05
4,Sauce - Marinara,541.17
4,Glycerine,513.66
6,Tahini Paste,101.77
7,Plastic Arrow Stir Stick,471.53
1,Island Oasis - Lemonade,218.18
6,Beef Dry Aged Tenderloin Aaa,229.11
6,Lamb Rack - Ontario,458.55
7,Fennel,800.96
6,Pork - Ham Hocks - Smoked,700.67
3,Syrup - Monin - Granny Smith,568.75
2,"C - Plus, Orange",474.67
3,"Chicken - Diced, Cooked",66.37
6,Milk - 2%,442.9
1,"Shrimp - 16/20, Peeled Deviened",717.01
8,Coffee - Hazelnut Cream,877.95
4,Rice - Aborio,496.32
9,Flower - Daisies,555.47
8,"Onions - Dried, Chopped",763.89
3,Appetiser - Bought,959.33
8,Fib N9 - Prague Powder,513.21
5,Red Currants,377.74
10,Soup - Campbells Beef Noodle,390.62
4,Nantucket - Orange Mango Cktl,210.91
7,Appetizer - Mushroom Tart,518.92
1,"Stock - Veal, White",12.87
6,"Split Peas - Yellow, Dry",466.4
5,Liquid Aminios Acid - Braggs,372.74
3,Cookie Dough - Oatmeal Rasin,679.44
9,Water - Aquafina Vitamin,703.56
8,Mayonnaise - Individual Pkg,703.91
5,Steamers White,558.48
1,Yoplait Drink,95.2
5,French Pastries,55.04
7,Rabbit - Frozen,881.7
4,Flavouring - Orange,786.93
10,Island Oasis - Raspberry,537.36
5,"Shrimp - Baby, Warm Water",173.79
9,Cape Capensis - Fillet,137.54
7,Wine - Ej Gallo Sonoma,493.03
2,Tarragon - Fresh,231.99
7,Wine - Charddonnay Errazuriz,791.39
3,"Doilies - 7, Paper",275.44
9,Chick Peas - Canned,344.29
5,Butter - Salted,504.87
4,Appetizer - Mushroom Tart,929.75
4,Soup - Campbells Chili,785.85
5,Bread Fig And Almond,383.18
6,"Salmon - Atlantic, No Skin",893.36
8,Coriander - Ground,447.31
10,"Pasta - Cannelloni, Sheets, Fresh",797.56
9,Dr. Pepper - 355ml,281.49
6,"Wine - White, Antinore Orvieto",604.82
10,Capers - Pickled,498.63
3,Kale - Red,940.64
6,"Wine - Bourgogne 2002, La",780.19
9,Flour - All Purpose,724.71
5,"Syrup - Golden, Lyles",177.03
9,Tart - Pecan Butter Squares,808.25
7,Pastry - Banana Tea Loaf,424.38
9,"Onions - Dried, Chopped",881.97
7,Cookie Chocolate Chip With,528.91
9,Beets - Pickled,50.41
10,Vaccum Bag 10x13,364.03
4,"Pesto - Primerba, Paste",743.99
5,Compound - Pear,929.31
5,Wine - Gewurztraminer Pierre,429.45
3,Table Cloth 91x91 Colour,133.7
2,Sprouts - Brussel,926.73
5,Flower - Dish Garden,653.39
5,Cotton Wet Mop 16 Oz,411.03
2,Curry Powder Madras,749.3
5,Amarula Cream,176.94
5,Peach - Halves,558.66
1,Cake - Cake Sheet Macaroon,320.02
8,Nori Sea Weed - Gold Label,442.62
5,Beer - Camerons Cream Ale,669.71
10,"Chilli Paste, Ginger Garlic",857.07
4,Carbonated Water - Blackcherry,653.44
6,Bagel - Sesame Seed Presliced,13.98
2,"Schnappes - Peach, Walkers",827.1
9,Pepper - Green Thai,64.6
7,Cookie - Oatmeal,310.88
4,Soup Campbells - Italian Wedding,814.32
6,Milk - Homo,421.06
3,Sugar - Crumb,106.67
7,Flour - Semolina,737.66
9,"Noodles - Cellophane, Thin",503.98
3,Coffee - Dark Roast,322.52
5,"Pepper - Julienne, Frozen",695.23
3,Sugar - Icing,479.93
3,Kiwi,119.97
1,Muffin - Mix - Strawberry Rhubarb,410.89
4,Pepper - Gypsy Pepper,865.81
1,Soap - Hand Soap,675.84
10,Red Cod Fillets - 225g,267.96
2,Tomato - Green,306.53
8,Thyme - Fresh,318.62
4,Table Cloth 81x81 White,469.78
8,Water - Green Tea Refresher,710.73
3,Truffle Cups - Brown,93.72
6,Dish Towel,322.35
5,Tilapia - Fillets,213.23
2,Pectin,806.25
5,Tart - Raisin And Pecan,13.6
8,Toamtoes 6x7 Select,95.09
1,Cheese - Pied De Vents,963.44
2,Higashimaru Usukuchi Soy,252.33
8,Alize Sunset,67.2
5,Appetizer - Smoked Salmon / Dill,587.91
4,"Artichoke - Hearts, Canned",766.5
10,Chips Potato Swt Chilli Sour,927.6
7,"Stock - Beef, Brown",306.3
3,Truffle Paste,910.35
4,Bread - Italian Roll With Herbs,203.29
6,Wine - Cave Springs Dry Riesling,256.42
1,"Crab - Dungeness, Whole",593.78
9,Cake - Bande Of Fruit,135.32
10,"Shrimp - Baby, Warm Water",800.69
5,Juice - V8 Splash,395.47
6,"Carrots - Purple, Organic",811.58
7,Sauce - Caesar Dressing,464.83
9,Coriander - Ground,89.73
9,"Syrup - Monin, Irish Cream",206.93
2,Thyme - Dried,78.86
2,Sponge Cake Mix - Chocolate,703.01
8,Water - Aquafina Vitamin,112.05
6,Wine - Pinot Noir Mondavi Coastal,830.56
5,"Beef - Ground, Extra Lean, Fresh",839.76
3,Bread Base - Toscano,938.88
3,Wine - Vovray Sec Domaine Huet,943.87
9,Bonito Flakes - Toku Katsuo,750.49
4,Sugar - Icing,758.93
10,Lamb - Sausage Casings,446.47
7,Tuna - Sushi Grade,692.75
5,"Wine - White, Pelee Island",620.44
5,Beef - Top Butt,366.49
4,Kale - Red,357.78
3,"Cheese - Mozzarella, Buffalo",696.74
6,Filling - Mince Meat,284.64
8,Avocado,494.84
3,Mace,545.62
4,Arizona - Green Tea,516.72
4,Trout Rainbow Whole,56.55
7,Wine - Jafflin Bourgongone,669.39
2,Langers - Mango Nectar,575.13
9,Sauce - Salsa,463.61
7,Tomato Puree,267.35
7,Cheese - Bakers Cream Cheese,225.6
7,"Pineapple - Canned, Rings",104.35
9,Lamb - Rack,196.33
4,Table Cloth 54x72 White,639.1
4,"Garlic - Primerba, Paste",770.46
10,Pancetta,878.68
6,Lettuce - California Mix,744.33
3,Cardamon Ground,897.82
5,Crab - Imitation Flakes,176.31
1,Energy Drink Red Bull,278.8
6,Sprite - 355 Ml,750.88
9,Onions - Cippolini,796.53
4,Mangostein,169.59
10,Puree - Strawberry,417.87
2,Rye Special Old,632.55
4,Island Oasis - Ice Cream Mix,778.02
4,Beef - Salted,246.27
8,Syrup - Monin - Passion Fruit,747.5
9,Soup - Base Broth Beef,647.76
3,Savory,916.33
10,"Tart Shells - Savory, 4",107.84
6,Beer - Blue Light,258.27
8,Oil - Safflower,446.85
5,Soup Campbells Mexicali Tortilla,500.47
5,Muffin - Mix - Creme Brule 15l,998.84
7,Wine - Vovray Sec Domaine Huet,603.37
4,Sausage - Liver,120.81
10,Sauce - Salsa,165.37
10,Lamb - Loin Chops,67.62
10,Cranberries - Dry,801.44
8,Icecream - Dstk Cml And Fdg,208.31
4,Wine - Sauvignon Blanc,279.83
3,Pork - Suckling Pig,988.48
9,"Veal - Brisket, Provimi, Bone - In",505.41
4,Fish - Bones,388.44
5,Wine - Mondavi Coastal Private,430.49
5,Container - Hngd Cll Blk 7x7x3,967.02
2,Tomatoes - Hot House,575.7
7,Piping Jelly - All Colours,16.48
10,Pastry - Banana Tea Loaf,280.95
10,Spice - Chili Powder Mexican,578.91
7,Pie Shell - 9,147.5
8,Avocado,610.32
5,Pur Value,219.96
6,Beef - Top Sirloin,181.17
6,Rye Special Old,819.99
5,Wine - Manischewitz Concord,360.38
3,Broom - Push,173.11
1,Potatoes - Parissienne,590.46
2,Cookie Dough - Chocolate Chip,633.87
2,Wine - Alicanca Vinho Verde,726.2
7,Table Cloth 62x114 Colour,911.32
4,Glucose,610.42
9,Creme De Cacao Mcguines,790.72
9,Flour - Bread,930.43
8,Table Cloth 120 Round White,29.43
7,Potatoes - Peeled,659.63
3,Crackers - Soda / Saltins,684.29
5,Veal - Inside,645.92
6,Eggwhite Frozen,860.11
2,Yokaline,788.07
2,Wine - Savigny - Les - Beaune,750.91
6,"Juice - Apple, 500 Ml",112.37
8,"Pasta - Rotini, Dry",928.38
6,Towels - Paper / Kraft,269.96
7,The Pop Shoppe - Grape,817.28
4,Watercress,738.28
2,Dried Cranberries,442.5
5,Bread - Bistro White,106.61
3,"Chilli Paste, Sambal Oelek",196.84
10,"Bread - White, Unsliced",922.08
7,Blueberries - Frozen,350.38
8,"Bread - Dark Rye, Loaf",51.61
3,Shortbread - Cookie Crumbs,932.61
3,Wine - Taylors Reserve,665.84
6,Rabbit - Whole,297.14
4,Cake - French Pear Tart,88.13
6,Milk - Buttermilk,417.38
9,"Shrimp, Dried, Small / Lb",687.44
9,Muffin Mix - Banana Nut,266.31
8,Corn - On The Cob,598.59
8,Leeks - Large,506.05
8,Hersey Shakes,949.27
5,Chips Potato Reg 43g,656.21
8,Veal - Kidney,30.94
10,Wine - Dubouef Macon - Villages,823.16
7,Whmis Spray Bottle Graduated,882.11
8,Flour - Strong,175.48
2,Pomegranates,474.01
5,Crush - Cream Soda,889.08
3,Soup Campbells Turkey Veg.,744.29
1,Puree - Mocha,568.29
4,Carbonated Water - Lemon Lime,955.77
10,Mustard Prepared,952.9
6,"Syrup - Golden, Lyles",790.62
7,Miso - Soy Bean Paste,388.34
4,Mushroom - White Button,437.75
10,Beef Cheek Fresh,255.15
7,Banana - Green,866.62
1,Chocolate - Feathers,208.69
1,Lid - 16 Oz And 32 Oz,811.42
4,Pepper - Roasted Red,637.9
10,Wine - Merlot Vina Carmen,457.87
6,Chicken - Tenderloin,179.64
9,"Wine - Mas Chicet Rose, Vintage",954.84
9,Container - Clear 16 Oz,367.69
9,Sage Ground Wiberg,16.11
2,Juice - Prune,901.42
7,Sobe - Lizard Fuel,831.38
7,Hummus - Spread,53.29
5,Container - Clear 32 Oz,841.28
2,Latex Rubber Gloves Size 9,574.19
9,"Octopus - Baby, Cleaned",652.33
5,Beer - Muskoka Cream Ale,17.12
6,Sauce - Thousand Island,692.54
6,Bread - Focaccia Quarter,717.11
10,Wine - Vidal Icewine Magnotta,20.15
8,Coffee Beans - Chocolate,361.88
8,Snapple - Mango Maddness,561.73
7,"Mushroom - Chantrelle, Fresh",588.68
10,Cheese - Asiago,64.92
8,"Lobster - Baby, Boiled",332.68
4,Catfish - Fillets,608.89
8,Wine - Charddonnay Errazuriz,480.0
9,Strawberries,981.92
7,"Flour - Buckwheat, Dark",634.11
7,Icecream - Dstk Cml And Fdg,467.37
1,"Bread - Pita, Mini",182.96
8,Lettuce - Boston Bib,206.42
3,"Split Peas - Green, Dry",468.57
1,"Pasta - Elbows, Macaroni, Dry",688.03
4,Tandoori Curry Paste,55.97
9,Table Cloth 62x114 Colour,804.7
3,"Nestea - Ice Tea, Diet",732.35
8,Lettuce - Arugula,542.34
10,Jam - Raspberry,122.11
4,"Vermouth - Sweet, Cinzano",551.46
8,Cheese - Marble,608.32
8,Mackerel Whole Fresh,112.94
9,Wine - Champagne Brut Veuve,551.35
10,Bread - Malt,18.2
1,Table Cloth 91x91 Colour,590.16
8,Truffle Cups - Red,502.9
9,"Wine - Red, Metus Rose",487.21
9,Turkey Leg With Drum And Thigh,745.06
6,Pasta - Ravioli,240.08
9,Tobasco Sauce,214.15
2,"Pasta - Fusili, Dry",155.22
5,"Crab - Claws, Snow 16 - 24",730.48
10,Butter Balls Salted,354.05
6,Cloves - Ground,441.69
4,"Tendrils - Baby Pea, Organic",702.65
3,Turkey Tenderloin Frozen,112.8
2,Myers Planters Punch,98.82
6,Pears - Bosc,594.97
2,Table Cloth 54x54 Colour,68.35
1,"Lamb - Shoulder, Boneless",220.87
1,"Shrimp - 16 - 20 Cooked, Peeled",199.91
5,Wine - Spumante Bambino White,972.69
4,Beer - True North Lager,274.25
9,Ham - Cooked Italian,29.33
2,Nescafe - Frothy French Vanilla,873.17
8,Meldea Green Tea Liquor,283.68
8,"Asparagus - White, Fresh",593.43
7,Coffee - Decaffeinato Coffee,492.55
6,"Wine - Red, Pinot Noir, Chateau",989.16
5,Tomatoes - Heirloom,103.17
9,Tart - Pecan Butter Squares,891.48
5,"Beef - Outside, Round",818.58
8,"Pepper - Chipotle, Canned",12.82
5,Latex Rubber Gloves Size 9,844.69
9,"Cheese - Brie,danish",766.09
9,Lamb - Shanks,562.65
7,Beer - Fruli,150.74
8,"Mushroom - Porcini, Dry",879.88
2,Carbonated Water - White Grape,198.58
3,Mcguinness - Blue Curacao,672.56
7,"Cheese - Manchego, Spanish",986.49
2,"Liners - Banana, Paper",500.18
10,Syrup - Pancake,445.61
5,Paper - Brown Paper Mini Cups,585.44
8,Appetizer - Escargot Puff,11.5
10,Chicken - Livers,228.44
10,"Sauce - Gravy, Au Jus, Mix",283.25
7,Nantucket - Carrot Orange,965.4
7,Creme De Cacao Mcguines,693.3
2,Tea - Herbal Orange Spice,777.63
10,Beer - Upper Canada Light,187.11
10,Cleaner - Pine Sol,150.02
9,Lobster - Live,334.62
4,Vaccum Bag - 14x20,478.16
4,Sausage - Andouille,466.78
1,Urban Zen Drinks,769.46
9,"Sauce - Bernaise, Mix",295.54
10,Nantucket Cranberry Juice,389.92
4,Coffee - French Vanilla Frothy,748.88
7,Kirsch - Schloss,29.0
9,Chicken - Whole Roasting,601.2
7,V8 Splash Strawberry Kiwi,462.04
6,Grenadillo,602.96
4,Crackers - Trio,197.12
1,Bagelers - Cinn / Brown Sugar,974.54
8,Vector Energy Bar,765.99
10,Muffin Mix - Carrot,404.43
3,Prunes - Pitted,950.75
7,"Wine - Bourgogne 2002, La",22.1
9,"Tray - Foam, Square 4 - S",655.93
9,Ham - Cooked,586.24
10,Sauce - Rosee,892.13
3,Cookies - Amaretto,198.68
7,Apple - Northern Spy,732.38
8,"Soup - Campbells, Chix Gumbo",404.33
4,Chips Potato Salt Vinegar 43g,198.7
2,Praline Paste,891.26
8,Filter - Coffee,644.55
5,Cheese Cloth,255.46
4,Bread - Raisin Walnut Pull,739.62
2,Halibut - Fletches,158.86
10,Bread Sour Rolls,82.85
8,"Oil - Olive, Extra Virgin",492.56
2,Water - Perrier,691.53
10,Syrup - Kahlua Chocolate,23.49
8,"Wine - Red, Antinori Santa",649.41
4,Crackers - Trio,832.1
9,Squid - U 5,632.88
7,Lentils - Green Le Puy,255.36
6,Sugar - Invert,867.16
4,Cookie - Oreo 100x2,173.02
3,"Wine - White, Pelee Island",649.24
3,Cheese - Cheddar With Claret,231.92
10,"Peas - Pigeon, Dry",171.37
5,"Stock - Veal, White",842.35
1,Appetizer - Sausage Rolls,128.31
3,Pepsi - 600ml,164.42
8,Lobster - Tail 6 Oz,2.19
6,Foam Tray S2,155.24
1,Bacardi Breezer - Strawberry,261.09
4,Oil - Olive,883.45
10,"Beans - Navy, Dry",641.68
2,Allspice - Jamaican,258.84
9,Pop - Club Soda Can,481.7
1,Squeeze Bottle,775.66
8,Container - Clear 32 Oz,400.9
3,Apron,29.25
9,Goldschalger,159.39
10,"Beef - Outside, Round",809.6
6,Ham - Cooked Bayonne Tinned,936.67
7,Mushroom Morel Fresh,472.08
3,"Beef - Baby, Liver",839.63
8,Glove - Cutting,851.68
8,Muffin Orange Individual,440.48
7,Flower - Commercial Spider,846.42
2,"Chicken - Leg, Fresh",349.08
10,Assorted Desserts,333.26
7,Milk - Condensed,118.36
10,Five Alive Citrus,403.98
2,Rabbit - Whole,812.95
1,Pasta - Orecchiette,825.84
7,Skirt - 29 Foot,628.87
6,Pizza Pizza Dough,458.21
10,Horseradish - Prepared,119.92
6,Apples - Spartan,985.62
3,Banana Turning,309.19
1,Milk - Chocolate 500ml,734.84
8,Garlic Powder,558.8
8,Creme De Cacao White,588.73
10,Almonds Ground Blanched,947.84
2,"Doilies - 10, Paper",743.26
4,Cheese - Parmesan Cubes,513.76
5,Bar Nature Valley,34.7
2,Cups 10oz Trans,256.73
3,Ecolab - Solid Fusion,704.74
9,Appetizer - Mango Chevre,378.19
5,Juice - Apple Cider,288.41
3,"Water, Tap",596.39
1,"Chicken - Diced, Cooked",157.11
2,Puree - Blackcurrant,147.96
2,Pork Casing,797.16
8,Red Currants,714.88
8,Egg Patty Fried,976.44
2,Clementine,589.83
3,Chicken - Leg / Back Attach,566.66
1,Beer - Original Organic Lager,235.99
2,Broom - Angled,78.46
7,Nantucket Cranberry Juice,84.97
7,Beef - Short Ribs,340.23
6,Cranberry Foccacia,153.77
8,Trout - Smoked,100.28
9,Compound - Rum,952.67
8,Beer - True North Strong Ale,388.54
4,Cookie - Oreo 100x2,714.23
1,Milk - Skim,217.07
6,Juice - Orange 1.89l,877.01
4,Tart - Raisin And Pecan,354.05
10,Cheese - Brie,645.29
5,"Cheese - Havarti, Roasted Garlic",189.98
4,Ice Cream Bar - Hagen Daz,940.5
8,"Water - Spring Water, 355 Ml",491.36
9,Wine - Blue Nun Qualitatswein,141.55
6,"Quail - Whole, Boneless",729.18
7,Oven Mitts - 15 Inch,713.76
5,"Thyme - Lemon, Fresh",883.55
9,Dawn Professionl Pot And Pan,915.75
5,Syrup - Kahlua Chocolate,904.13
8,Trueblue - Blueberry Cranberry,669.76
4,Wine - Chenin Blanc K.w.v.,454.95
7,Sour Puss - Tangerine,92.11
3,Olives - Nicoise,710.48
5,Beans - Butter Lrg Lima,943.2
7,Container - Foam Dixie 12 Oz,330.86
5,Carbonated Water - Peach,465.28
10,"Bread - Bagels, Plain",681.96
5,Soup - Campbells,629.68
4,Tofu - Soft,638.03
10,Lettuce - Sea / Sea Asparagus,901.69
7,"Cheese - Manchego, Spanish",231.59
6,Cheese - Pied De Vents,562.37
1,Bar Mix - Lime,497.84
7,Wine - Conde De Valdemar,452.8
9,"Carrots - Mini, Stem On",921.11
4,"Soup - Knorr, Classic Can. Chili",219.17
10,Nantucket - Orange Mango Cktl,716.82
6,Yoghurt Tubes,683.25
3,Cheese - St. Andre,175.13
1,Water - Green Tea Refresher,666.43
8,Wine - Hardys Bankside Shiraz,626.6
4,Cheese - Pied De Vents,914.66
8,Napkin Colour,426.63
7,Container Clear 8 Oz,718.39
3,Sobe - Liz Blizz,277.24
6,Table Cloth 90x90 Colour,478.68
9,Scrubbie - Scotchbrite Hand Pad,327.51
8,Appetizer - Lobster Phyllo Roll,235.34
8,Pickles - Gherkins,382.83
3,V8 Splash Strawberry Kiwi,979.35
7,Vinegar - White Wine,167.28
1,Sprouts - Brussel,351.28
3,Chambord Royal,143.92
5,Lid Coffee Cup 8oz Blk,435.35
1,Plasticforkblack,671.51
8,Coffee Cup 16oz Foam,682.75
3,Sausage - Blood Pudding,42.48
8,Pecan Raisin - Tarts,136.82
4,Table Cloth 54x72 White,284.62
2,Table Cloth 62x114 Colour,764.12
5,"Fish - Atlantic Salmon, Cold",518.28
9,Salt And Pepper Mix - White,88.12
2,Carbonated Water - Raspberry,985.47
5,V8 - Vegetable Cocktail,978.93
5,Bread - Granary Small Pull,925.45
6,Wine - Fontanafredda Barolo,328.35
9,Veal - Provimi Inside,257.88
8,Muffin - Mix - Creme Brule 15l,240.99
7,"Trout - Hot Smkd, Dbl Fillet",984.29
10,Goulash Seasoning,353.31
1,Chicken - Ground,456.98
3,Tart - Lemon,990.66
1,Laundry - Bag Cloth,33.95
3,Pepper - Cubanelle,626.05
5,Butter Balls Salted,533.48
6,Soup - Campbells Pasta Fagioli,597.68
3,Lettuce - Frisee,97.53
9,Appetizer - Chicken Satay,327.5
7,Ecolab - Hobart Washarm End Cap,762.09
6,Jolt Cola,86.36
8,Remy Red,39.04
6,Chocolate Bar - Reese Pieces,79.56
7,Prunes - Pitted,625.56
9,Energy - Boo - Koo,243.65
6,"Salt - Rock, Course",661.28
1,"Tomatoes - Cherry, Yellow",618.7
8,Aspic - Light,903.26
6,Relish,725.45
1,"Doilies - 8, Paper",786.69
8,Pineapple - Golden,414.2
5,Flavouring - Raspberry,873.77
9,Mushroom - Portebello,304.77
9,Butter Balls Salted,851.12
6,Ice Cream Bar - Hageen Daz To,867.89
9,Flower - Dish Garden,145.01
2,Flounder - Fresh,164.8
9,Cheese - Mascarpone,727.9
2,"Bread - Dark Rye, Loaf",92.94
4,Potatoes - Pei 10 Oz,411.22
2,"Gin - Gilbeys London, Dry",443.29
9,Pork - Caul Fat,260.17
6,"Rum - Coconut, Malibu",700.47
8,"Stock - Beef, Brown",965.34
1,Wine - Magnotta - Bel Paese White,159.04
2,Wine - Pinot Noir Mondavi Coastal,45.08
7,Container - Clear 16 Oz,775.13
3,Caviar - Salmon,787.53
7,Beer - Guiness,324.75
4,Pea - Snow,171.61
4,"Doilies - 7, Paper",774.52
3,Cheese - Comte,904.84
8,"Lamb - Whole, Frozen",475.45
2,Cabbage - Nappa,641.36
7,Wine - Duboeuf Beaujolais,333.17
4,"Chilli Paste, Hot Sambal Oelek",602.77
8,Veal - Loin,63.57
10,Table Cloth 144x90 White,24.77
7,Lettuce - Escarole,945.91
8,Beets - Golden,832.14
8,"Juice - Orange, Concentrate",788.01
7,Lamb Leg - Bone - In Nz,939.29
2,Lettuce - Baby Salad Greens,177.28
8,"Coffee - Beans, Whole",844.42
1,"Cheese - Cheddar, Mild",699.34
6,Lemonade - Pineapple Passion,722.19
8,Truffle - Whole Black Peeled,172.88
7,Container Clear 8 Oz,924.47
4,Wine - Acient Coast Caberne,362.12
1,"Clams - Littleneck, Whole",16.98
2,Tea - Green,546.51
3,Muffin Carrot - Individual,526.8
2,Cheese - Mix,938.1
9,Sauce - Alfredo,29.89
2,"Pineapple - Canned, Rings",211.88
1,Ezy Change Mophandle,478.26
2,Cheese - Bocconcini,747.02
4,Pate - Peppercorn,953.62
4,Table Cloth 62x114 Colour,257.3
2,"Pork - Tenderloin, Fresh",370.44
2,Relish,761.62
3,Island Oasis - Lemonade,19.39
6,Leeks - Large,224.17
4,Longos - Burritos,31.67
6,Longos - Assorted Sandwich,297.92
7,Soup - Campbells Bean Medley,768.36
7,Bread - Multigrain Oval,616.85
7,Cabbage - Nappa,813.05
1,Maintenance Removal Charge,132.4
10,Nantucket - 518ml,90.15
2,Beef - Striploin Aa,32.95
10,Tea - Decaf 1 Cup,192.33
4,"Bag - Bread, White, Plain",583.93
10,Sugar - White Packet,832.91
8,Wiberg Cure,291.21
10,Cilantro / Coriander - Fresh,594.87
3,Sobe - Liz Blizz,351.22
8,Kippers - Smoked,157.47
9,"7up Diet, 355 Ml",942.76
3,"Tabasco Sauce, 2 Oz",622.31
9,Wine - Vovray Sec Domaine Huet,653.33
4,Cranberries - Fresh,22.91
7,Venison - Ground,999.18
6,Pepper - Orange,999.11
10,Vinegar - Tarragon,515.73
4,Leeks - Large,762.73
2,"Oranges - Navel, 72",603.51
3,Appetiser - Bought,89.42
10,Potatoes - Pei 10 Oz,44.87
9,Dates,872.99
2,Wine - Chateau Bonnet,955.1
3,Pineapple - Golden,82.04
5,"Veal - Brisket, Provimi, Bone - In",953.6
1,Coffee Cup 16oz Foam,77.65
1,"Mushroom - Morels, Dry",898.43
9,Mustard - Individual Pkg,33.59
5,Carbonated Water - Blackcherry,949.65
4,"Beef - Rib Roast, Cap On",983.19
1,Puree - Guava,376.84
2,Seabream Whole Farmed,678.67
9,Sprouts - Brussel,39.05
7,Cloves - Whole,988.53
