user_id,user_name,email
1,Burty,bmacfall0@unblog.fr
2,Rennie,rrubinshtein1@godaddy.com
3,Bailie,bchastand2@tamu.edu
4,Ailey,aollerenshaw3@instagram.com
5,Esdras,ehancell4@moonfruit.com
6,Gay,greichert5@amazon.co.jp
7,Yuma,yalgie6@washingtonpost.com
8,Barbey,bskarin7@ucoz.ru
9,Catherin,cmckeon8@apple.com
10,Kerby,khaker9@cyberchimps.com
11,Fallon,fderobertoa@zdnet.com
12,Robinett,rraundsb@eventbrite.com
13,Fielding,fscowenc@apache.org
14,Dania,dwaymand@go.com
15,Andee,amoffette@constantcontact.com
16,Sinclare,ssterryf@webeden.co.uk
17,Ricky,rhalmsg@w3.org
18,Elliot,egauldh@sourceforge.net
19,Yoshi,ygerini@fema.gov
20,Aguie,agironj@tiny.cc
21,Philippine,pgatcliffk@china.com.cn
22,Aleda,aroscaml@loc.gov
23,Christiano,cebbagem@cdbaby.com
24,Josi,jdeniskevichn@intel.com
25,Betsey,bmugglestono@nsw.gov.au
26,Tiffi,tjerroltp@taobao.com
27,Borg,bashmoleq@nature.com
28,Jobey,jtoffelr@cyberchimps.com
29,Britte,bmilliss@unc.edu
30,Derick,dcorryert@irs.gov
31,Annamarie,areaneyu@shop-pro.jp
32,Kennie,kdefreitasv@eepurl.com
33,Lauralee,lmacauleyw@google.ru
34,Kassi,kizchakix@google.nl
35,Cammy,chowmany@netvibes.com
36,Ardine,asintonz@discovery.com
37,Ingelbert,irablin10@moonfruit.com
38,Jamey,jcamplen11@stumbleupon.com
39,Doralynn,drought12@ask.com
40,Adrianna,adempster13@engadget.com
41,Victor,vwrist14@loc.gov
42,Woodman,wprendiville15@unesco.org
43,Gaylord,gkinkead16@desdev.cn
44,Mohammed,mtasseler17@nymag.com
45,Aurthur,awesley18@i2i.jp
46,Margret,mpiatkowski19@webnode.com
47,Birdie,bakitt1a@wsj.com
48,Nicolle,nvergine1b@umich.edu
49,Stanislas,sbirks1c@instagram.com
50,Ophelia,omccathie1d@usnews.com
51,Orella,ovoisey1e@e-recht24.de
52,Brunhilda,bberesford1f@list-manage.com
53,Deni,dweight1g@etsy.com
54,Boone,bpeltzer1h@moonfruit.com
55,Rosemary,rbloy1i@umich.edu
56,Cordula,cgaler1j@delicious.com
57,Katharina,koxenbury1k@dyndns.org
58,Trix,tpattini1l@moonfruit.com
59,Eustace,eskoate1m@multiply.com
60,Odele,otuhy1n@forbes.com
61,Tarrah,tconnock1o@elegantthemes.com
62,Kay,kmaskill1p@bandcamp.com
63,Guglielma,gbalsillie1q@comsenz.com
64,Minnie,mdyerson1r@fema.gov
65,Dorene,ddrennan1s@dyndns.org
66,Myer,mtinan1t@scientificamerican.com
67,Hildagard,hiveans1u@dailymotion.com
68,Stanwood,sbreeder1v@nytimes.com
69,Alma,aball1w@smh.com.au
70,Mavis,mgisbourn1x@yellowbook.com
71,Ade,agurton1y@si.edu
72,Arabel,amulcock1z@ovh.net
73,Modestine,mvitte20@w3.org
74,Saree,sanmore21@mayoclinic.com
75,Leslie,lportriss22@hp.com
76,Merissa,mmilberry23@cbc.ca
77,Colene,ckobiera24@twitter.com
78,Laurice,lgartan25@163.com
79,Ernesta,edoubleday26@about.me
80,Hort,hlipson27@google.cn
81,Brice,bbernli28@indiatimes.com
82,Bunny,bbartlomieczak29@skype.com
83,Alfy,aangel2a@tiny.cc
84,Corbie,cgaitskill2b@reuters.com
85,Dorise,dtribbeck2c@state.tx.us
86,Adan,agentner2d@theguardian.com
87,Dorie,dwonfar2e@umn.edu
88,Cal,cwhelan2f@com.com
89,Gaylene,gfermor2g@phpbb.com
90,Arielle,ahawksby2h@purevolume.com
91,Norby,nwilsone2i@mac.com
92,Mallorie,msmaleman2j@cmu.edu
93,Petr,ppidgeley2k@slate.com
94,Patten,psissel2l@delicious.com
95,Gracie,gprobat2m@epa.gov
96,Cherry,chatzar2n@twitter.com
97,Hoebart,hstinchcombe2o@csmonitor.com
98,Land,ldutnell2p@newsvine.com
99,Trista,tgarrity2q@nytimes.com
100,Editha,esired2r@fema.gov
101,Matthieu,mmacgorman2s@netvibes.com
102,Clint,cwiggins2t@webmd.com
103,Thurstan,tlebang2u@lycos.com
104,Thibaud,thassen2v@gravatar.com
105,Rog,rchiddy2w@time.com
106,Shoshana,soffield2x@youtu.be
107,Lisle,lpiesing2y@npr.org
108,Marrissa,mcorbert2z@canalblog.com
109,Valentijn,vcluney30@biglobe.ne.jp
110,Vivienne,vkayes31@behance.net
111,Korrie,kbruggeman32@xrea.com
112,Morse,mcolter33@geocities.com
113,Baxie,bmunning34@dailymail.co.uk
114,Darb,djindrak35@spotify.com
115,Carita,ccastano36@posterous.com
116,Wendel,wduligal37@cmu.edu
117,Krishna,kguard38@fda.gov
118,Alexina,asteenson39@dell.com
119,Logan,liacovozzo3a@discuz.net
120,Klaus,klazonby3b@altervista.org
121,Teodor,twernher3c@woothemes.com
122,Lorilyn,lheninghem3d@nsw.gov.au
123,Ned,neasson3e@ucoz.com
124,Eileen,ewratten3f@arizona.edu
125,Duane,daddey3g@nbcnews.com
126,Lock,lpleass3h@bloomberg.com
127,Valentino,vhogsden3i@adobe.com
128,Ricoriki,rcrellim3j@mit.edu
129,Inger,ipicott3k@hexun.com
130,Dalton,dpetegree3l@smugmug.com
131,Doloritas,dgubbin3m@sciencedirect.com
132,Ranee,rtythe3n@skyrock.com
133,Daren,dposnett3o@yellowpages.com
134,Shae,sfransewich3p@techcrunch.com
135,Kayley,kcereceres3q@mozilla.com
136,Lusa,lmaclese3r@tmall.com
137,Filberto,fwinwright3s@stanford.edu
138,Darsey,dvickar3t@homestead.com
139,Flossie,fmajury3u@livejournal.com
140,Meryl,mdealtry3v@microsoft.com
141,Myer,mbasinigazzi3w@google.nl
142,Ula,ucroasdale3x@arizona.edu
143,Angelo,aflippelli3y@wp.com
144,Mabel,mtommasuzzi3z@redcross.org
145,Ceil,ckochlin40@naver.com
146,Joachim,jcastree41@blogspot.com
147,Tammara,tcolloff42@creativecommons.org
148,Tymon,tgurnay43@weebly.com
149,Lanae,lsawle44@studiopress.com
150,Starlin,senderle45@eepurl.com
151,Tibold,tdieton46@prweb.com
152,Thomasa,tmayall47@apache.org
153,Carla,chickisson48@macromedia.com
154,Megan,mbrewin49@hostgator.com
155,Tomasine,tbullivent4a@google.ru
156,Arden,amerigot4b@netlog.com
157,Koo,kmontrose4c@hexun.com
158,Vanya,vduesberry4d@abc.net.au
159,Ryon,rcruce4e@upenn.edu
160,Christa,cbauduccio4f@marriott.com
161,Korie,kweiner4g@huffingtonpost.com
162,Thorstein,tantoniou4h@go.com
163,Loydie,lchawner4i@weibo.com
164,Albert,ayerrall4j@princeton.edu
165,Gawen,gcrinkley4k@nifty.com
166,Edith,ebeck4l@xing.com
167,Allianora,avieyra4m@scientificamerican.com
168,Shurwood,sdyson4n@cam.ac.uk
169,Elvira,ebullus4o@shareasale.com
170,Adolf,ahutton4p@skype.com
171,Andy,amockett4q@wordpress.com
172,Blinny,byeaman4r@imageshack.us
173,Cathyleen,cmeekings4s@scribd.com
174,Feliks,fratazzi4t@scientificamerican.com
175,Georgianna,gcrisell4u@guardian.co.uk
176,Amabel,ahannaford4v@facebook.com
177,Mair,mlewisham4w@comcast.net
178,Margaretha,mraiston4x@answers.com
179,Norbie,nmacclay4y@sciencedaily.com
180,Kurtis,khorsley4z@goo.gl
181,Marjorie,mhamments50@ihg.com
182,Chiquita,cmacalister51@guardian.co.uk
183,Ignacio,iwhitley52@cdbaby.com
184,Benedikt,bodocherty53@odnoklassniki.ru
185,James,joduane54@oaic.gov.au
186,Ivy,itrusse55@ovh.net
187,Gabbey,gboorn56@merriam-webster.com
188,Franciska,fgillogley57@youtu.be
189,Ericka,espenley58@gnu.org
190,Flinn,fhandlin59@dailymail.co.uk
191,Dorie,dgoodyear5a@indiatimes.com
192,Odelle,odeverick5b@sciencedaily.com
193,Aluino,atryhorn5c@feedburner.com
194,Hewett,hrowett5d@shop-pro.jp
195,Brittne,bbarrowcliff5e@networksolutions.com
196,Darcy,dmeasen5f@seesaa.net
197,Marley,mcutriss5g@last.fm
198,Teri,tmckinnell5h@va.gov
199,Shana,spearmain5i@howstuffworks.com
200,Izabel,irykert5j@networksolutions.com
201,Marian,mmallabar5k@bloomberg.com
202,Obie,oblomfield5l@cmu.edu
203,Lodovico,lboatwright5m@jimdo.com
204,Prent,pmatthias5n@google.it
205,Nye,nralston5o@tmall.com
206,Remy,rzamudio5p@moonfruit.com
207,Damara,dlangham5q@barnesandnoble.com
208,Mohandas,mpickworth5r@infoseek.co.jp
209,Field,fpoley5s@google.co.uk
210,Jolee,jblaschek5t@myspace.com
211,Ruby,rleirmonth5u@mapquest.com
212,Archibold,amcgrail5v@tumblr.com
213,Eamon,ewardington5w@princeton.edu
214,Sallee,spulman5x@ucoz.ru
215,De,dkall5y@blogs.com
216,Bess,bbemwell5z@ucoz.com
217,Henderson,hshropsheir60@ft.com
218,Vinson,vscott61@kickstarter.com
219,Dillie,dcawthra62@mediafire.com
220,Kyla,kredwood63@spotify.com
221,Flori,fdumbar64@smh.com.au
222,Cully,cvoss65@nyu.edu
223,Zitella,zmaykin66@privacy.gov.au
224,Evin,edimberline67@time.com
225,Vanny,vclunie68@networksolutions.com
226,Katharina,kholson69@shareasale.com
227,Devora,dysson6a@slideshare.net
228,Nettle,nbalaam6b@tinypic.com
229,Ervin,ematusevich6c@mail.ru
230,Jeffy,jlakenden6d@google.com
231,Donall,dgert6e@gizmodo.com
232,Wynny,whick6f@nbcnews.com
233,Arch,abilfoot6g@geocities.jp
234,Cynthie,cbarthorpe6h@so-net.ne.jp
235,Winifield,wstennes6i@jiathis.com
236,Mathilda,mspeachley6j@army.mil
237,Graeme,gwhithorn6k@ehow.com
238,Britte,btingcomb6l@google.com.br
239,Kirk,krawes6m@uiuc.edu
240,Nicol,nwybrow6n@globo.com
241,Garv,gmacane6o@apache.org
242,Valentino,vtester6p@squidoo.com
243,Minny,mpovall6q@hubpages.com
244,Kirk,kvalek6r@trellian.com
245,Viva,vlerego6s@barnesandnoble.com
246,Sheila,scroyser6t@disqus.com
247,Jenilee,jspering6u@nps.gov
248,Randy,rbohling6v@google.es
249,Maighdiln,mmusicka6w@bluehost.com
250,Barbi,belkin6x@dedecms.com
251,Ingamar,iheinlein6y@ustream.tv
252,Harbert,hglassman6z@angelfire.com
253,Lilla,lmuino70@twitpic.com
254,Kerrill,kquilkin71@indiatimes.com
255,Cornall,cbehagg72@i2i.jp
256,Peyton,pcambell73@blogtalkradio.com
257,Ora,omuddiman74@europa.eu
258,Amandie,akinforth75@webmd.com
259,Babbette,bcolwill76@uol.com.br
260,Jacques,jgaley77@vkontakte.ru
261,Bekki,bhadlow78@youku.com
262,Mildred,mfisbey79@fda.gov
263,Godfry,gberens7a@exblog.jp
264,Afton,anuccitelli7b@ftc.gov
265,Beverley,btrewartha7c@walmart.com
266,Vincents,vodonohue7d@yahoo.com
267,Jeniece,jcurado7e@umn.edu
268,Raeann,rconochie7f@bing.com
269,Florance,fpheby7g@rambler.ru
270,Lorianne,lkenway7h@un.org
271,Imogene,iskeates7i@psu.edu
272,Ryann,rlattin7j@vinaora.com
273,Dene,dgolightly7k@com.com
274,Dud,dzimmer7l@google.es
275,Hermy,hheed7m@cdc.gov
276,Ab,apottinger7n@state.gov
277,Sunny,sdanilevich7o@example.com
278,Ingeberg,ilewin7p@unblog.fr
279,Dolorita,dlevet7q@nbcnews.com
280,Donnie,doveral7r@blogs.com
281,Mady,mmcgrane7s@tmall.com
282,Rani,rmurrell7t@timesonline.co.uk
283,Anthea,abigglestone7u@go.com
284,Maison,mwynett7v@google.com.hk
285,Lulu,lhamal7w@cbsnews.com
286,Ainslie,agiffen7x@amazon.com
287,Harley,hmacvain7y@soup.io
288,Toni,thercules7z@thetimes.co.uk
289,Cecil,croomes80@state.gov
290,Lindi,lfilippozzi81@theatlantic.com
291,Faunie,fpouck82@google.nl
292,Ursa,uletten83@w3.org
293,Thia,tmaclardie84@uiuc.edu
294,Bobbye,bsidary85@mlb.com
295,Mile,mlightowlers86@fda.gov
296,Arv,aphilippet87@mapy.cz
297,Cobby,cbenettini88@microsoft.com
298,Cassandra,cfarfalameev89@dagondesign.com
299,Margarethe,mharget8a@barnesandnoble.com
300,Gennie,gwalster8b@zimbio.com
301,Amargo,azecchinelli8c@slashdot.org
302,Patrizio,pnewton8d@barnesandnoble.com
303,Quintana,qambresin8e@washington.edu
304,Fanechka,froberts8f@ox.ac.uk
305,Camile,cregitz8g@hibu.com
306,Cornie,cqueste8h@walmart.com
307,Sheri,scouling8i@qq.com
308,Beatrisa,bkingzet8j@wunderground.com
309,Wynn,wdruery8k@uol.com.br
310,Pamelina,pkennsley8l@gizmodo.com
311,Quinlan,qhawthorne8m@mail.ru
312,Bethanne,bmusgrave8n@guardian.co.uk
313,Sim,striggle8o@fastcompany.com
314,Guillermo,ghuddart8p@nba.com
315,Rachelle,rblasl8q@soundcloud.com
316,Simone,sgodsafe8r@dmoz.org
317,Kandace,kbielefeld8s@fotki.com
318,Sherry,smayler8t@psu.edu
319,Milly,mheathwood8u@dyndns.org
320,Georgia,gfrancis8v@ifeng.com
321,Chadd,clages8w@timesonline.co.uk
322,Chrysler,croon8x@google.com.br
323,Rebeca,rblumfield8y@princeton.edu
324,Carolyne,chearmon8z@bizjournals.com
325,Pepito,pbridal90@ox.ac.uk
326,Laney,lcaplin91@bloomberg.com
327,Dory,ddownes92@answers.com
328,Gonzalo,gpetrushkevich93@domainmarket.com
329,Ricky,rharman94@wunderground.com
330,Osbert,ocastle95@mediafire.com
331,Muffin,msuttle96@foxnews.com
332,Monty,mcasement97@oaic.gov.au
333,Sisile,sfrotton98@zimbio.com
334,Carree,cmathwin99@wordpress.org
335,Natalina,ncraufurd9a@etsy.com
336,Danica,draftery9b@dailymotion.com
337,Isobel,idestoop9c@independent.co.uk
338,Orly,ocolnet9d@dyndns.org
339,Kristina,kferagh9e@dropbox.com
340,Heinrick,hfrend9f@fastcompany.com
341,Richmond,rswin9g@wunderground.com
342,Ashley,aceliz9h@indiatimes.com
343,Lisa,ltebbitt9i@amazon.co.jp
344,Bertie,bwelman9j@usatoday.com
345,Kaitlynn,kheasley9k@furl.net
346,Annelise,alaughnan9l@redcross.org
347,Lenore,lgrcic9m@msn.com
348,Otho,odangl9n@businessweek.com
349,Taddeo,tmctavy9o@pbs.org
350,Gerhardt,gvautier9p@qq.com
351,Faunie,fsertin9q@gravatar.com
352,Pierrette,pkuhlmey9r@dailymail.co.uk
353,Luca,lstedell9s@seattletimes.com
354,Gabby,gcocke9t@altervista.org
355,Hogan,hdisman9u@howstuffworks.com
356,Armstrong,afurnival9v@smh.com.au
357,Krispin,kdarrel9w@altervista.org
358,Terrie,tcollin9x@addthis.com
359,Tiebout,tbernat9y@usnews.com
360,Merrielle,msouten9z@naver.com
361,Krisha,kdineharta0@blogger.com
362,Adelheid,abaskeyfielda1@nationalgeographic.com
363,Tyne,ttrumpetera2@mail.ru
364,Karlis,kbatissea3@jimdo.com
365,Hanson,hdhoogea4@who.int
366,Peyton,pendecotta5@multiply.com
367,Cherianne,creffea6@bloglovin.com
368,Arne,ascholfielda7@mashable.com
369,Donnie,dshaddocka8@vinaora.com
370,Brandy,bsabeya9@spiegel.de
371,Delinda,dsimmellaa@delicious.com
372,Barri,bmagowanab@phpbb.com
373,Lucas,lgoulderac@virginia.edu
374,Greg,ghinkensenad@creativecommons.org
375,Ogdon,oattreyae@washingtonpost.com
376,Zelma,zerteltaf@moonfruit.com
377,Alica,awroughtag@soup.io
378,Noak,nrenoufah@icq.com
379,Theadora,torsayai@youtube.com
380,Delphinia,dbennikeaj@reuters.com
381,Cathe,clomathak@redcross.org
382,Merv,mgianettinial@e-recht24.de
383,Janna,jklossmannam@ihg.com
384,Kerianne,kcaulcottan@imdb.com
385,Cynde,cpearao@mediafire.com
386,Pierre,prehnap@wired.com
387,Emory,emactrustramaq@adobe.com
388,Zollie,ziacopettiar@whitehouse.gov
389,Vernice,vwalworthas@netvibes.com
390,Saraann,silsleyat@foxnews.com
391,Deloris,dsextonau@illinois.edu
392,Kathe,kdjurkovicav@amazonaws.com
393,Rodrigo,rstanwayaw@blogger.com
394,Josias,jgoffordax@ucoz.com
395,Lyndsay,lmicheletay@slate.com
396,Ceil,cdrummeraz@yellowbook.com
397,Iosep,iespinheirab0@cbslocal.com
398,Fraser,fwhostonb1@angelfire.com
399,Bran,bcleverb2@wp.com
400,Alfonso,aferonetb3@loc.gov
401,Leroi,lwhicherb4@fema.gov
402,Marshal,mrownb5@washington.edu
403,Ives,isearchfieldb6@jigsy.com
404,Doreen,dsorrelb7@digg.com
405,Trudi,tbrixeyb8@hibu.com
406,Millicent,mhumpherstonb9@oracle.com
407,Kirby,kligertwoodba@last.fm
408,Lurleen,lbreitbb@nasa.gov
409,Jay,jjonesbc@goo.gl
410,Jeffy,jspradebd@ibm.com
411,Corabella,ckropachbe@goodreads.com
412,Waneta,wdannielbf@privacy.gov.au
413,Parnell,psherbrookebg@pbs.org
414,Jory,jhanscombebh@yelp.com
415,Sorcha,sclampebi@earthlink.net
416,Edgard,eipsleybj@freewebs.com
417,Reuben,racasterbk@sakura.ne.jp
418,Mitch,mphilimorebl@ibm.com
419,Olympia,odogetbm@indiegogo.com
420,Yolane,ymccardlebn@goo.ne.jp
421,Sherm,scastanagabo@prnewswire.com
422,Mufinella,mlaxebp@businessweek.com
423,Kellyann,kbrewoodbq@dion.ne.jp
424,Lavinia,lduranbr@com.com
425,Maurizia,mchristofolbs@google.pl
426,Roderich,rvenourbt@hhs.gov
427,Veronique,vcoskerbu@angelfire.com
428,Yuma,yswansburybv@fema.gov
429,Alric,ajusticebw@howstuffworks.com
430,Wenda,warnallbx@answers.com
431,Gunter,gruitby@sitemeter.com
432,Gloria,gdurhambz@redcross.org
433,Ollie,osterkec0@studiopress.com
434,Gerald,ggrovierc1@google.com.au
435,Berkeley,bvillaronc2@vkontakte.ru
436,Delainey,dcaswallc3@fema.gov
437,Caroljean,clawrensonc4@abc.net.au
438,Lorrie,lpointingc5@netvibes.com
439,Barry,bguwerc6@miibeian.gov.cn
440,Haydon,hgeatorc7@scientificamerican.com
441,Ealasaid,etarrantc8@zdnet.com
442,Devlin,dwaghornec9@apache.org
443,Jillene,jnaulca@ehow.com
444,Rossy,rfredicb@wikipedia.org
445,Nestor,nmargettcc@japanpost.jp
446,Tyrus,tshurmorecd@theatlantic.com
447,Annabel,aellwandce@bbc.co.uk
448,Becka,bwitheycf@devhub.com
449,Jessalin,jwiddowsoncg@deviantart.com
450,Mattheus,mmcdermotch@uol.com.br
451,Fanya,fmcevonci@bandcamp.com
452,Lisabeth,ljansenscj@so-net.ne.jp
453,Pierette,pneenanck@noaa.gov
454,Hayden,hsawoodcl@nhs.uk
455,Janenna,josheacm@bravesites.com
456,Kahaleel,kconstantinecn@ucoz.ru
457,Banky,blomanseyco@purevolume.com
458,Mord,modacp@vk.com
459,Stormi,shaslencq@mozilla.org
460,Loria,lshelveycr@ihg.com
461,Reagan,rimisoncs@clickbank.net
462,Ailey,abozwardct@feedburner.com
463,Bernardo,bmangincu@barnesandnoble.com
464,Jayson,jdohmscv@over-blog.com
465,Roderich,rgilbertcw@cisco.com
466,Thorndike,thissettcx@irs.gov
467,Sonnie,sgendrickecy@com.com
468,Abbot,aellgoodcz@mayoclinic.com
469,Jorey,jboucherd0@dropbox.com
470,Corey,criddelld1@oaic.gov.au
471,Carmelita,cschulzed2@tamu.edu
472,Al,atorrecillad3@ted.com
473,Marmaduke,mhellikerd4@yellowpages.com
474,Avie,aviled5@cam.ac.uk
475,Peder,pmccleand6@ft.com
476,Phillipp,ppollerd7@bbb.org
477,Margret,mpaolinellid8@house.gov
478,Barbabas,bwitchelld9@utexas.edu
479,Gratiana,ghartopda@prlog.org
480,Caressa,cjelkesdb@nps.gov
481,Xerxes,xsigertdc@elegantthemes.com
482,Rachelle,rteesedd@cmu.edu
483,Bernie,bdewarede@shareasale.com
484,Edy,enovisdf@rakuten.co.jp
485,Crissie,carendtdg@salon.com
486,Fina,fdifilippodh@shop-pro.jp
487,Shae,smowsdelldi@vimeo.com
488,Elinore,elivarddj@illinois.edu
489,Dudley,ddinselldk@sbwire.com
490,Crista,chutchinsdl@1und1.de
491,Chrystel,csalvagedm@icq.com
492,Ilise,igalwaydn@last.fm
493,Devi,dmittondo@gmpg.org
494,Elonore,ebarzdp@hc360.com
495,Cristin,ccorkdq@yandex.ru
496,Elvyn,emeadendr@tinypic.com
497,Pernell,pdevaneyds@fotki.com
498,Philly,pchaudretdt@xinhuanet.com
499,Sandye,smcenerydu@vimeo.com
500,Rona,rragatedv@mtv.com
501,Allsun,aburgisdw@friendfeed.com
502,Gladys,gcluettdx@csmonitor.com
503,Ros,rbewlydy@nydailynews.com
504,Sianna,sdurrantdz@webnode.com
505,Shina,stucknotte0@trellian.com
506,Erin,eknoke1@ovh.net
507,Dorise,dpedleye2@yandex.ru
508,Ashla,agallaccioe3@odnoklassniki.ru
509,Yulma,yblackere4@umn.edu
510,Larine,lmeltone5@dot.gov
511,Con,cbewe6@4shared.com
512,Rae,rpennae7@netlog.com
513,Patsy,pmccarlee8@desdev.cn
514,Corry,clenevee9@timesonline.co.uk
515,Patton,pbuscherea@nasa.gov
516,Chev,cthairseb@google.co.jp
517,Juline,jtythertonec@4shared.com
518,Lina,lleeteed@photobucket.com
519,Tiffi,tdrummondee@accuweather.com
520,Payton,ptomaszewiczef@intel.com
521,Maximo,mhectoreg@shutterfly.com
522,Allan,abrunaeh@ihg.com
523,Nola,ndevericksei@qq.com
524,Robb,rbergetej@arstechnica.com
525,Chrotoem,ccallwayek@jigsy.com
526,Gratia,gtallentel@digg.com
527,Carling,cpenhearowem@netlog.com
528,Patty,pbocken@friendfeed.com
529,Sybil,schavrineo@de.vu
530,Lorenza,lmacfaellep@google.com.hk
531,Sutton,sbunyardeq@home.pl
532,Maury,mprettyjohner@tinyurl.com
533,Arthur,apohlkees@bloglovin.com
534,Adella,awinspurret@hugedomains.com
535,Kyrstin,kgaynsfordeu@cbc.ca
536,Allina,amanceev@biblegateway.com
537,Skell,sshooterew@dropbox.com
538,Alameda,abeldamex@spiegel.de
539,Matty,mvinckey@google.com
540,Parke,pvinsonez@miitbeian.gov.cn
541,Maurise,mrobicf0@businesswire.com
542,Moria,mantognozziif1@deviantart.com
543,Adlai,adinjesf2@arizona.edu
544,Baxie,blecountf3@narod.ru
545,Cilka,ctoveyf4@go.com
546,Padgett,proachef5@indiegogo.com
547,Saunders,sdanskinef6@cocolog-nifty.com
548,Ag,aebrallf7@biblegateway.com
549,Leah,llivezleyf8@nyu.edu
550,Sydelle,ssambidgef9@wiley.com
551,Sloan,skennfordfa@dmoz.org
552,Benoit,bolennanefb@bizjournals.com
553,Faina,franaldfc@weibo.com
554,Arlana,ahearfieldfd@soundcloud.com
555,Rori,rwhitefe@mac.com
556,Annora,akiftff@jalbum.net
557,Norman,nclairfg@dmoz.org
558,Kalina,klastfh@de.vu
559,Livvie,lgeraschfi@unc.edu
560,Linc,lsteckingsfj@howstuffworks.com
561,Kearney,kgrigsbyfk@springer.com
562,Elinor,emacfadzanfl@last.fm
563,Quinlan,qarkwrightfm@yellowbook.com
564,Dolly,dwratefn@reuters.com
565,Minnie,moakebyfo@so-net.ne.jp
566,Mason,mskehanfp@opera.com
567,Linet,lgradwellfq@alibaba.com
568,Dehlia,drispinefr@who.int
569,Helaina,hskillingfs@4shared.com
570,Donetta,dkiljanft@mapquest.com
571,Ammamaria,agreendalefu@uol.com.br
572,Barnett,blindnerfv@state.tx.us
573,Amber,aocaheyfw@wp.com
574,Nikolia,njoulfx@plala.or.jp
575,Viki,vpieraccify@reference.com
576,Lanae,lhinderfz@amazonaws.com
577,Kate,kcasellasg0@toplist.cz
578,Maximilien,modreaing1@addthis.com
579,Taite,tbaldacchig2@printfriendly.com
580,Lilas,lfolkesg3@e-recht24.de
581,Silvia,sthireaug4@house.gov
582,Nathaniel,nhillumg5@dailymotion.com
583,Tucky,tmilliong6@friendfeed.com
584,Jilly,jveversg7@google.ru
585,Kati,khelsbyg8@mail.ru
586,Piper,pportingaleg9@pcworld.com
587,Gail,ghambatchga@vinaora.com
588,Alia,amcphelimgb@themeforest.net
589,Isidro,ivarndellgc@infoseek.co.jp
590,Gilberto,gnocklesgd@telegraph.co.uk
591,Anthia,acupittge@nature.com
592,Dari,dwesthofergf@flavors.me
593,Karlotte,kbattaillegg@goo.gl
594,Germaine,glavallegh@techcrunch.com
595,Aimee,aspybeygi@latimes.com
596,Caprice,csoulsbygj@businesswire.com
597,Lorry,lmcgeegk@hatena.ne.jp
598,Dani,dwarmangl@ucoz.com
599,Sol,smcswangm@parallels.com
600,Rudolph,rbasellign@sitemeter.com
601,Franny,fstivanigo@engadget.com
602,Zola,zreimergp@mail.ru
603,Pall,pbenedickgq@ted.com
604,Shae,sdouglassgr@yale.edu
605,Margie,mmaidmentgs@comcast.net
606,Dorris,dmcaughtrygt@nsw.gov.au
607,Elli,eknobellgu@cbsnews.com
608,Katerina,kveracruyssegv@symantec.com
609,Brannon,btonrygw@youtube.com
610,Krisha,ksousagx@dropbox.com
611,Ilka,istodhartgy@yolasite.com
612,Kristina,klangloisgz@ca.gov
613,Lavina,llongbothomh0@wordpress.org
614,Marys,mbroxuph1@zdnet.com
615,Alta,agentilh2@pagesperso-orange.fr
616,Udale,uphilotth3@ucoz.com
617,Chiarra,cbabeh4@sitemeter.com
618,Giselbert,gjeratth5@marketwatch.com
619,Philomena,pmewish6@boston.com
620,Sella,schevertonh7@vk.com
621,Murvyn,mgarretsonh8@mac.com
622,Cammi,cgarrettsonh9@devhub.com
623,Veronike,vvillaha@zdnet.com
624,Genovera,grivalanthb@webnode.com
625,Berky,bdinsellhc@wikia.com
626,Consolata,cjoutapaitishd@webeden.co.uk
627,Nikkie,nshordhe@google.nl
628,Danny,dpoolehf@jiathis.com
629,Adriana,afletthg@cbsnews.com
630,Rhodia,rgillowhh@slashdot.org
631,Keenan,koheaneyhi@linkedin.com
632,Corty,cmcgrowtherhj@utexas.edu
633,Doroteya,dwinthrophk@amazon.de
634,Myrle,mhawgoodhl@businessinsider.com
635,Georgy,gnisardhm@myspace.com
636,Riane,rshepeardhn@symantec.com
637,Elwyn,efarquharsonho@eepurl.com
638,Malvin,mhardeshp@cafepress.com
639,Gwenny,gyarehq@feedburner.com
640,Elva,estationhr@nih.gov
641,Donny,dkonzelmannhs@gravatar.com
642,Jeane,jgageht@blog.com
643,Sharron,smulvyhu@ocn.ne.jp
644,Minnnie,mciardohv@usgs.gov
645,Nonah,nsetfordhw@goo.gl
646,Joana,jguillermanhx@barnesandnoble.com
647,Glad,ghemmingwayhy@un.org
648,Lisbeth,lcarehz@sfgate.com
649,Sapphira,sbieri0@accuweather.com
650,Janka,jsingletoni1@chronoengine.com
651,Ferrell,ffostersmithi2@disqus.com
652,Hortensia,hdeenyi3@indiegogo.com
653,Galvan,gmatushevitzi4@salon.com
654,Myrtia,mhammatti5@squarespace.com
655,Phaedra,perskinesandysi6@360.cn
656,Gerrilee,gdebeauchampi7@baidu.com
657,Jolynn,jhasnneyi8@mayoclinic.com
658,Lilas,lmallindinei9@sbwire.com
659,Lorin,lpeteriia@loc.gov
660,Martica,mbruniniib@ustream.tv
661,Linc,lpeppettic@ucoz.com
662,Geneva,giorioid@miitbeian.gov.cn
663,Arden,abrittleie@wufoo.com
664,Lil,lpaceif@nationalgeographic.com
665,Tracy,tgeockleig@foxnews.com
666,Pip,phaversumih@dyndns.org
667,Sean,salstonii@e-recht24.de
668,Khalil,kshaplinij@imgur.com
669,Stace,skuhnelik@reddit.com
670,Randal,rmatyasikil@hexun.com
671,Pennie,pspositoim@istockphoto.com
672,Leodora,lpicardoin@blogger.com
673,Sofie,siacomiio@liveinternet.ru
674,Conrad,cbalderstoneip@ucoz.ru
675,Van,vmackrelliq@plala.or.jp
676,Vladamir,vventonir@hud.gov
677,Ivett,ipowisis@oakley.com
678,Jennifer,jriegerit@yahoo.co.jp
679,Bradney,bgarshoreiu@xinhuanet.com
680,Douglas,dcollefordiv@yellowbook.com
681,Boniface,bgleadhelliw@engadget.com
682,Frederique,fmushetix@prlog.org
683,Elianore,eschmuhliy@stumbleupon.com
684,Phip,ppadilloiz@mysql.com
685,Sheila-kathryn,smeenehanj0@mashable.com
686,Inga,imacavddyj1@ucoz.com
687,Sheilakathryn,sluntj2@yellowbook.com
688,Lesly,lconklinj3@example.com
689,Barri,boronanj4@last.fm
690,Thebault,tnevinsj5@flavors.me
691,Dorolisa,djaimej6@state.tx.us
692,Allie,agregolij7@squidoo.com
693,Caterina,cprantonij8@apache.org
694,Valenka,vfermingerj9@cam.ac.uk
695,Lainey,landryushchenkoja@sina.com.cn
696,Rozanna,rolesjb@yelp.com
697,Florence,fsherwilljc@indiatimes.com
698,Rosita,reasomjd@stumbleupon.com
699,Cordula,cshelsherje@telegraph.co.uk
700,Wright,wmagisterjf@dedecms.com
701,Denyse,dtintojg@google.com.hk
702,Rosaleen,rdavagejh@issuu.com
703,Bethina,bvillaretji@seattletimes.com
704,Leighton,lhazeljj@dmoz.org
705,Hally,hsmithemanjk@wunderground.com
706,Alyssa,asimkojl@yandex.ru
707,Dorise,dbrecknalljm@deliciousdays.com
708,Ray,roliviajn@multiply.com
709,Lyon,lpetkenjo@irs.gov
710,Cordie,cfineyjp@shop-pro.jp
711,Kimberlee,kblumjq@xrea.com
712,Layton,lscutchingjr@ask.com
713,Harv,hhugojs@marriott.com
714,Yul,yleeburnjt@shop-pro.jp
715,Vic,vriceju@xing.com
716,Camille,cvautierjv@goo.ne.jp
717,Rosina,rdoumercjw@devhub.com
718,La verne,ldurransjx@photobucket.com
719,Vivi,vszymonijy@netvibes.com
720,Lancelot,lcreamenjz@reuters.com
721,Suzie,sfruchonk0@bbc.co.uk
722,Rafaelita,rtysallk1@cbc.ca
723,Melany,mcaineyk2@tripadvisor.com
724,Eugine,ebramptonk3@multiply.com
725,Merrily,mcoviellok4@nyu.edu
726,Jenifer,jmoncurk5@imageshack.us
727,Aldin,aoheneghank6@webmd.com
728,Maitilde,mcriagk7@twitter.com
729,Malanie,mhardingek8@ox.ac.uk
730,Curr,cshewonk9@bbb.org
731,Jacquelyn,jchamberlinka@sina.com.cn
732,Esther,echellamkb@jugem.jp
733,Ardenia,alengkc@businessinsider.com
734,Ara,aklazengakd@nsw.gov.au
735,Giusto,gmcgooganke@japanpost.jp
736,Berton,bambridgekf@eepurl.com
737,Blinny,beneaskg@tuttocitta.it
738,Keslie,koolahankh@163.com
739,Pauly,pkimberleyki@timesonline.co.uk
740,Carly,calbrechtkj@pbs.org
741,Norri,nryhorovichkk@rambler.ru
742,Cathi,cbishellkl@arstechnica.com
743,Dix,deeleskm@sohu.com
744,Woodrow,wkoskn@hp.com
745,Hollis,hmcdillko@jimdo.com
746,Alfi,aimmkp@about.me
747,Marja,memblemkq@latimes.com
748,Leland,ljacquetkr@bizjournals.com
749,Dyan,dlocklessks@sciencedaily.com
750,Palm,povendenkt@techcrunch.com
751,Milo,mcottamku@sohu.com
752,Wells,wscrinagekv@studiopress.com
753,Nap,nturmelkw@smugmug.com
754,Chance,crounsefellkx@w3.org
755,Onida,orivelonky@ucsd.edu
756,Andonis,ajacobkz@blinklist.com
757,Pate,pbouldonl0@people.com.cn
758,Bartolemo,bearthfieldl1@youtube.com
759,Mahmoud,mparkhousel2@google.ru
760,Kathleen,kburburyl3@illinois.edu
761,Shayne,sportisl4@uiuc.edu
762,Mead,mtollandl5@xinhuanet.com
763,Marius,mtitchenerl6@noaa.gov
764,Siffre,sserrurierl7@yale.edu
765,Mario,mcaselyl8@discovery.com
766,Caralie,crool9@dot.gov
767,Adaline,aburnhamsla@dmoz.org
768,Flo,fvatcherlb@cafepress.com
769,Arny,astalflc@yahoo.co.jp
770,Fenelia,fmatousld@gnu.org
771,Carver,cabbettle@indiatimes.com
772,Chalmers,cmobleylf@blogger.com
773,Cathrine,cantonignettilg@studiopress.com
774,Moshe,mtitleylh@tmall.com
775,Patty,plettli@mayoclinic.com
776,Federica,fleportlj@wunderground.com
777,Val,vleaneylk@zdnet.com
778,Kerk,kaizkovitchll@chron.com
779,Lazar,lluipoldlm@live.com
780,Ilise,isyphusln@jalbum.net
781,Mallory,mwranklinglo@businessinsider.com
782,Sherwin,scoverlylp@illinois.edu
783,Hugibert,hisonlq@noaa.gov
784,Ingram,igabbitislr@sfgate.com
785,Amaleta,alocksls@reddit.com
786,Emelita,esheaberlt@ifeng.com
787,Megen,mbromelu@usatoday.com
788,Suzanne,sthreadgoldlv@stanford.edu
789,Caria,ccarpenterlw@techcrunch.com
790,Tamma,tgrzeslx@umn.edu
791,Herold,hfarfalameevly@cloudflare.com
792,Korrie,kskirlinlz@oakley.com
793,Derrek,dbruhkem0@people.com.cn
794,Benedict,bfraysm1@upenn.edu
795,Wilek,warchibouldm2@irs.gov
796,Deedee,dlamacraftm3@freewebs.com
797,Valdemar,vteaserm4@mail.ru
798,Ethyl,edeathm5@nba.com
799,Caritta,cstrutleym6@engadget.com
800,Stephi,sbraunesm7@amazon.co.uk
801,Mart,mwaistellm8@auda.org.au
802,Giusto,gmossomm9@t-online.de
803,Arthur,aelsema@un.org
804,Emili,ehurlestonmb@who.int
805,Quincy,qcrummiemc@ebay.co.uk
806,Gustavo,gfabrimd@dailymail.co.uk
807,Diahann,dfairpome@columbia.edu
808,Elyse,ewendenmf@wikispaces.com
809,Korey,kghiraldimg@aboutads.info
810,Pete,plotheanmh@zimbio.com
811,Virginia,vsandonmi@businessinsider.com
812,Carey,cbiddermj@patch.com
813,Blancha,bhablotmk@jimdo.com
814,Weston,wcarrolml@zdnet.com
815,Stephanie,snernmm@geocities.com
816,Dale,dbootymn@wikispaces.com
817,Albina,afilpimo@youtu.be
818,Ciel,cdurrantmp@wikispaces.com
819,Yehudi,ynockmq@buzzfeed.com
820,Abbey,afaintmr@bloglines.com
821,Reinaldo,rcrampsyms@rakuten.co.jp
822,Kalle,kkarslakemt@opensource.org
823,Glyn,gniezenmu@dailymotion.com
824,Luca,lofenmv@google.co.jp
825,Lil,lalsinamw@yale.edu
826,Alejandra,afirlemx@stanford.edu
827,Hilliary,hroggierimy@walmart.com
828,Reece,rmcanalleymz@apple.com
829,Casey,cbainbriggen0@constantcontact.com
830,Anatola,aspitelln1@bbb.org
831,Ellene,eubanksn2@apache.org
832,Martyn,mfochn3@uiuc.edu
833,Glyn,gbargeryn4@census.gov
834,Faun,fbutsonn5@google.de
835,Salomo,ssorleyn6@twitter.com
836,Blanch,bwestbyn7@quantcast.com
837,Nicko,njoryn8@xrea.com
838,Noelle,ngoodleyn9@studiopress.com
839,Seymour,smcsheena@infoseek.co.jp
840,Aurilia,apeplownb@acquirethisname.com
841,Napoleon,npoatenc@phpbb.com
842,Aurelea,agallymorend@liveinternet.ru
843,Judy,jambrosoline@tumblr.com
844,Valentino,vandryszczaknf@last.fm
845,Juline,jdodshunng@seattletimes.com
846,Krystyna,kmcturloughnh@harvard.edu
847,Brion,bpaszekni@cdbaby.com
848,Townie,tplenderleithnj@weibo.com
849,Hillyer,hhurlesnk@sfgate.com
850,Matti,mbenionnl@bluehost.com
851,Christye,chumburtonnm@wikia.com
852,Lexie,lpoffnn@4shared.com
853,Neddie,nsolanno@comcast.net
854,Eugenius,ealowaynp@indiegogo.com
855,Jerad,jbunnynq@newyorker.com
856,Lindsey,lstuffinsnr@foxnews.com
857,Marika,mgentyns@thetimes.co.uk
858,Garwin,gkalberernt@ftc.gov
859,Sandye,sgounelnu@so-net.ne.jp
860,Bridie,bbarringtonnv@dagondesign.com
861,Merrily,mstarbecknw@github.io
862,Dee,dcopplestonenx@behance.net
863,Gilly,ggodfroyny@icio.us
864,Fayre,fmerlenz@princeton.edu
865,Tomlin,tlamdeno0@sphinn.com
866,Langston,lbrunstano1@webmd.com
867,Joana,jeastcourto2@sitemeter.com
868,Fairleigh,fblitzero3@constantcontact.com
869,Gilemette,gmacgouno4@toplist.cz
870,Jerrold,jcluero5@ameblo.jp
871,Fleming,fpinkso6@apache.org
872,Pace,pskehenso7@biblegateway.com
873,Vicky,vjaneo8@tiny.cc
874,Corissa,cveljeso9@free.fr
875,Hilly,hcohrsoa@yolasite.com
876,Lyndsey,ldunstanob@lulu.com
877,Maitilde,mmackilpatrickoc@nih.gov
878,Lee,lwipperod@google.com.au
879,Gage,gpefferoe@utexas.edu
880,Sibel,sramsbyof@sakura.ne.jp
881,Torrin,tibleog@ehow.com
882,Alon,aklemensiewiczoh@shop-pro.jp
883,Percy,pwatmanoi@apple.com
884,Ernest,eheissoj@nydailynews.com
885,Greggory,gsheeok@ftc.gov
886,Amye,aiscowitzol@pinterest.com
887,Ashli,ahorningom@opensource.org
888,Bartholomeus,bsickerton@gravatar.com
889,Delilah,dfraysoo@who.int
890,Clarissa,cbannisterop@uol.com.br
891,Catrina,csilburnoq@bloomberg.com
892,Shay,sblacklaweor@usatoday.com
893,Cairistiona,cmacallamos@cbslocal.com
894,Nikolas,nmccambroisot@accuweather.com
895,Avis,areilyou@shinystat.com
896,Gene,ghouseleyov@accuweather.com
897,Gayelord,gullettow@unicef.org
898,Welby,wdoucetteox@jalbum.net
899,Chrysa,ccarvilloy@state.tx.us
900,Karry,khatchoz@weibo.com
901,Teodoro,tneylonp0@mayoclinic.com
902,Stefa,sgrimmolbyp1@ibm.com
903,Sharai,sstookp2@ebay.com
904,Dexter,dlerwellp3@biblegateway.com
905,Kare,kpaynterp4@ftc.gov
906,Brianne,bdavydkovp5@oakley.com
907,Bernadene,bmarchingtonp6@multiply.com
908,Joete,jherremap7@guardian.co.uk
909,Olympie,oadamollip8@google.cn
910,Wendie,wpettitp9@delicious.com
911,Shalna,shymanpa@senate.gov
912,Dalila,delacoatepb@cpanel.net
913,Mahmud,mwadlowpc@latimes.com
914,Wesley,wesserypd@ebay.com
915,Shannon,scosbeepe@mashable.com
916,Ainsley,awherritpf@skype.com
917,Fanechka,fhalvosenpg@deviantart.com
918,Elissa,ecornellph@examiner.com
919,Barb,bgrosepi@trellian.com
920,Dixie,dgerrietpj@flickr.com
921,Latisha,ldufairepk@gizmodo.com
922,Hurlee,hkinnardpl@netscape.com
923,Clifford,ccalteronepm@umn.edu
924,Robby,rkettpn@state.tx.us
925,Frazier,fpankspo@youku.com
926,Hersch,hoakenfullpp@cdbaby.com
927,Shirline,sleybandpq@acquirethisname.com
928,Ellis,ehardwidgepr@example.com
929,Lauritz,lpottesps@latimes.com
930,Ellsworth,ebarthelemypt@blogger.com
931,Nikolas,nsegotpu@github.com
932,Alisander,ataillardpv@mtv.com
933,Tymon,tdurbynpw@canalblog.com
934,Keene,kenriettopx@irs.gov
935,Olympe,osouthwickpy@accuweather.com
936,Leopold,lscamadinpz@wunderground.com
937,Doretta,dcawseq0@taobao.com
938,Don,dmozzettiq1@europa.eu
939,Siusan,scrummeyq2@google.com.au
940,Ruttger,rmcgeadyq3@feedburner.com
941,Angelita,ashillomq4@angelfire.com
942,Dionisio,dwarrenq5@huffingtonpost.com
943,Gun,gslocomq6@cyberchimps.com
944,Fifi,fmacmillanq7@fema.gov
945,Wendye,wpohlkeq8@house.gov
946,Jehanna,jharcaseq9@creativecommons.org
947,Tanhya,tmolyneuxqa@pagesperso-orange.fr
948,Beniamino,bjuliffqb@utexas.edu
949,Garwin,gorsmanqc@soundcloud.com
950,Waverly,wdemeterqd@about.me
951,Bambie,bgerretsenqe@google.com
952,Salvador,smacneillyqf@ask.com
953,Ax,aaytonqg@pen.io
954,Lorinda,lcardenozaqh@illinois.edu
955,Edin,ehambersqi@cdbaby.com
956,Marysa,mchavesqj@netlog.com
957,Horst,hboatwrightqk@prnewswire.com
958,Stanleigh,spedracciql@japanpost.jp
959,Dex,dblagdonqm@livejournal.com
960,Perle,phardwinqn@theglobeandmail.com
961,Raine,rtosspellqo@fastcompany.com
962,Gavrielle,gwawerqp@digg.com
963,Garrett,gbalfeqq@networkadvertising.org
964,Kitty,klambartonqr@usgs.gov
965,Tove,tkaasmanqs@cisco.com
966,Barbabra,bvaslerqt@shinystat.com
967,Collin,cpolhillqu@bluehost.com
968,Timothea,tbunchqv@sphinn.com
969,Delila,dcowdenqw@usgs.gov
970,Sargent,sjaillerqx@addthis.com
971,Natalya,nmaillardqy@vimeo.com
972,Grier,ghawtonqz@lycos.com
973,Adham,arater0@digg.com
974,Candace,cbellenyr1@ifeng.com
975,Gregoire,gprescoter2@fc2.com
976,Sunshine,sganderr3@e-recht24.de
977,Ernestus,enisbetr4@scribd.com
978,Maible,mberntssenr5@hao123.com
979,Elizabet,eyakoboviczr6@jigsy.com
980,Karlan,kspencleyr7@mashable.com
981,Rafaelia,rbraleyr8@craigslist.org
982,Jacquelyn,jtooveyr9@sfgate.com
983,Hermon,hporrittra@yolasite.com
984,Daloris,dkoppesrb@cisco.com
985,Jesselyn,jayreerc@yale.edu
986,Gwenny,gyendlerd@berkeley.edu
987,Druci,dstubbingsre@squarespace.com
988,Thornton,tsievewrightrf@nydailynews.com
989,Isadora,ihallgoughrg@yellowbook.com
990,Krishna,kbachshellrh@booking.com
991,Lizzie,lfengeri@gmpg.org
992,Sasha,slillrj@nps.gov
993,Abraham,asnarrrk@devhub.com
994,Jackie,jwyldborerl@nbcnews.com
995,Teddy,tridgwellrm@sitemeter.com
996,Shanta,sraratyrn@dagondesign.com
997,Morey,msimionro@ucsd.edu
998,Lydia,lspelmanrp@vinaora.com
999,Jody,jdeathrq@prweb.com
1000,Jyoti,jnonirr@squarespace.com
